Workbook

Sheet location & symptom (sum)
A1: type | B1: Perception | G1: Planner | N1: Executor | R1: Total
B2: snapshot & environment inconsistent | C2: snapshot & environment unstable | D2: snapshot wrong format | E2: snapshot missing | F2: snapshot label wrong | G2: plan contradictory | H2: plan & snapshot unsatisfied | I2: plan & task irrelevant | J2: plan wrong format | K2: plan & snapshot unstable | L2: plan missing | M2: prompt wrong | N2: action & plan inconsistent | O2: action & environment unapplicable | P2: reflection & action inconsistent | Q2: action missing
A3: crash | B3: =SUM('location & sympton (survey)'!B3,'location & sympton (github)'!B3,'location & sympton (conference)'!B3) -> 3 | C3: =SUM('location & sympton (survey)'!C3,'location & sympton (github)'!C3,'location & sympton (conference)'!C3) -> 2 | D3: =SUM('location & sympton (survey)'!D3,'location & sympton (github)'!D3,'location & sympton (conference)'!D3) -> 7 | E3: =SUM('location & sympton (survey)'!E3,'location & sympton (github)'!E3,'location & sympton (conference)'!E3) -> 6 | F3: =SUM('location & sympton (survey)'!F3,'location & sympton (github)'!F3,'location & sympton (conference)'!F3) -> 4 | G3: =SUM('location & sympton (survey)'!G3,'location & sympton (github)'!G3,'location & sympton (conference)'!G3) -> 0 | H3: =SUM('location & sympton (survey)'!H3,'location & sympton (github)'!H3,'location & sympton (conference)'!H3) -> 6 | I3: =SUM('location & sympton (survey)'!I3,'location & sympton (github)'!I3,'location & sympton (conference)'!I3) -> 1 | ... Q3: =SUM('location & sympton (survey)'!Q3,'location & sympton (github)'!Q3,'location & sympton (conference)'!Q3) -> 1 | R3: =SUM(B3:Q3) -> 83
A4: hang | B4: =SUM('location & sympton (survey)'!B4,'location & sympton (github)'!B4,'location & sympton (conference)'!B4) -> 0 | C4: =SUM('location & sympton (survey)'!C4,'location & sympton (github)'!C4,'location & sympton (conference)'!C4) -> 0 | D4: =SUM('location & sympton (survey)'!D4,'location & sympton (github)'!D4,'location & sympton (conference)'!D4) -> 0 | E4: =SUM('location & sympton (survey)'!E4,'location & sympton (github)'!E4,'location & sympton (conference)'!E4) -> 0 | F4: =SUM('location & sympton (survey)'!F4,'location & sympton (github)'!F4,'location & sympton (conference)'!F4) -> 0 | G4: =SUM('location & sympton (survey)'!G4,'location & sympton (github)'!G4,'location & sympton (conference)'!G4) -> 0 | H4: =SUM('location & sympton (survey)'!H4,'location & sympton (github)'!H4,'location & sympton (conference)'!H4) -> 1 | I4: =SUM('location & sympton (survey)'!I4,'location & sympton (github)'!I4,'location & sympton (conference)'!I4) -> 1 | ... Q4: =SUM('location & sympton (survey)'!Q4,'location & sympton (github)'!Q4,'location & sympton (conference)'!Q4) -> 0 | R4: =SUM(B4:Q4) -> 5
A5: misbehave | B5: =SUM('location & sympton (survey)'!B5,'location & sympton (github)'!B5,'location & sympton (conference)'!B5) -> 6 | C5: 0 | D5: =SUM('location & sympton (survey)'!D5,'location & sympton (github)'!D5,'location & sympton (conference)'!D5) -> 0 | E5: =SUM('location & sympton (survey)'!E5,'location & sympton (github)'!E5,'location & sympton (conference)'!E5) -> 0 | F5: =SUM('location & sympton (survey)'!F5,'location & sympton (github)'!F5,'location & sympton (conference)'!F5) -> 6 | G5: =SUM('location & sympton (survey)'!G5,'location & sympton (github)'!G5,'location & sympton (conference)'!G5) -> 2 | H5: =SUM('location & sympton (survey)'!H5,'location & sympton (github)'!H5,'location & sympton (conference)'!H5) -> 7 | I5: =SUM('location & sympton (survey)'!I5,'location & sympton (github)'!I5,'location & sympton (conference)'!I5) -> 10 | J5: =SUM('location & sympton (survey)'!J5,'location & sympton (github)'!J5,'location & sympton (conference)'!J5) -> 3 | K5: =SUM('location & sympton (survey)'!K5,'location & sympton (github)'!K5,'location & sympton (conference)'!K5) -> 0 | ... P5: =SUM('location & sympton (survey)'!P5,'location & sympton (github)'!P5,'location & sympton (conference)'!P5) -> 2 | Q5: 4 | R5: =SUM(B5:Q5) -> 58
A6: stop without completing | B6: =SUM('location & sympton (survey)'!B6,'location & sympton (github)'!B6,'location & sympton (conference)'!B6) -> 0 | C6: =SUM('location & sympton (survey)'!C6,'location & sympton (github)'!C6,'location & sympton (conference)'!C6) -> 0 | D6: =SUM('location & sympton (survey)'!D6,'location & sympton (github)'!D6,'location & sympton (conference)'!D6) -> 0 | E6: =SUM('location & sympton (survey)'!E6,'location & sympton (github)'!E6,'location & sympton (conference)'!E6) -> 0 | F6: =SUM('location & sympton (survey)'!F6,'location & sympton (github)'!F6,'location & sympton (conference)'!F6) -> 0 | G6: =SUM('location & sympton (survey)'!G6,'location & sympton (github)'!G6,'location & sympton (conference)'!G6) -> 0 | H6: =SUM('location & sympton (survey)'!H6,'location & sympton (github)'!H6,'location & sympton (conference)'!H6) -> 0 | I6: =SUM('location & sympton (survey)'!I6,'location & sympton (github)'!I6,'location & sympton (conference)'!I6) -> 2 | ... Q6: =SUM('location & sympton (survey)'!Q6,'location & sympton (github)'!Q6,'location & sympton (conference)'!Q6) -> 0 | R6: =SUM(B6:Q6) -> 3
A7: behave inconsistently | B7: =SUM('location & sympton (survey)'!B7,'location & sympton (github)'!B7,'location & sympton (conference)'!B7) -> 0 | C7: =SUM('location & sympton (survey)'!C7,'location & sympton (github)'!C7,'location & sympton (conference)'!C7) -> 2 | D7: =SUM('location & sympton (survey)'!D7,'location & sympton (github)'!D7,'location & sympton (conference)'!D7) -> 0 | E7: =SUM('location & sympton (survey)'!E7,'location & sympton (github)'!E7,'location & sympton (conference)'!E7) -> 0 | F7: =SUM('location & sympton (survey)'!F7,'location & sympton (github)'!F7,'location & sympton (conference)'!F7) -> 0 | G7: =SUM('location & sympton (survey)'!G7,'location & sympton (github)'!G7,'location & sympton (conference)'!G7) -> 0 | H7: =SUM('location & sympton (survey)'!H7,'location & sympton (github)'!H7,'location & sympton (conference)'!H7) -> 0 | I7: =SUM('location & sympton (survey)'!I7,'location & sympton (github)'!I7,'location & sympton (conference)'!I7) -> 0 | ... Q7: =SUM('location & sympton (survey)'!Q7,'location & sympton (github)'!Q7,'location & sympton (conference)'!Q7) -> 0 | R7: =SUM(B7:Q7) -> 5
A8: wrong user feedback | B8: =SUM('location & sympton (survey)'!B8,'location & sympton (github)'!B8,'location & sympton (conference)'!B8) -> 0 | C8: =SUM('location & sympton (survey)'!C8,'location & sympton (github)'!C8,'location & sympton (conference)'!C8) -> 0 | D8: =SUM('location & sympton (survey)'!D8,'location & sympton (github)'!D8,'location & sympton (conference)'!D8) -> 1 | E8: =SUM('location & sympton (survey)'!E8,'location & sympton (github)'!E8,'location & sympton (conference)'!E8) -> 0 | F8: =SUM('location & sympton (survey)'!F8,'location & sympton (github)'!F8,'location & sympton (conference)'!F8) -> 0 | G8: =SUM('location & sympton (survey)'!G8,'location & sympton (github)'!G8,'location & sympton (conference)'!G8) -> 0 | H8: =SUM('location & sympton (survey)'!H8,'location & sympton (github)'!H8,'location & sympton (conference)'!H8) -> 0 | I8: =SUM('location & sympton (survey)'!I8,'location & sympton (github)'!I8,'location & sympton (conference)'!I8) -> 0 | ... Q8: =SUM('location & sympton (survey)'!Q8,'location & sympton (github)'!Q8,'location & sympton (conference)'!Q8) -> 0 | R8: =SUM(B8:Q8) -> 4

Sheet location & root cause (sum)
A1: type | B1: Perception | G1: Planner | N1: Executor | R1: Total
B2: snapshot & environment inconsistent | C2: snapshot & environment unstable | D2: snapshot wrong format | E2: snapshot missing | F2: snapshot label wrong | G2: plan contradictory | H2: plan & snapshot unsatisfied | I2: plan & task irrelevant | J2: plan wrong format | K2: plan & snapshot unstable | L2: plan missing | M2: prompt wrong | N2: action & plan inconsistent | O2: action & environment unapplicable | P2: reflection & action inconsistent | Q2: action missing
A3: atomicity break | B3: =SUM('location & root cause (survey)'!B3,'location & root cause (github)'!B3,'location & root cause (confere)'!B3) -> 1 | C3: =SUM('location & root cause (survey)'!C3,'location & root cause (github)'!C3,'location & root cause (confere)'!C3) -> 0 | D3: =SUM('location & root cause (survey)'!D3,'location & root cause (github)'!D3,'location & root cause (confere)'!D3) -> 0 | E3: =SUM('location & root cause (survey)'!E3,'location & root cause (github)'!E3,'location & root cause (confere)'!E3) -> 0 | F3: =SUM('location & root cause (survey)'!F3,'location & root cause (github)'!F3,'location & root cause (confere)'!F3) -> 0 | G3: =SUM('location & root cause (survey)'!G3,'location & root cause (github)'!G3,'location & root cause (confere)'!G3) -> 0 | H3: =SUM('location & root cause (survey)'!H3,'location & root cause (github)'!H3,'location & root cause (confere)'!H3) -> 0 | I3: =SUM('location & root cause (survey)'!I3,'location & root cause (github)'!I3,'location & root cause (confere)'!I3) -> 0 | ... Q3: =SUM('location & root cause (survey)'!Q3,'location & root cause (github)'!Q3,'location & root cause (confere)'!Q3) -> 0 | R3: =SUM(B3:Q3) -> 1
A4: lack of corner case handling | B4: =SUM('location & root cause (survey)'!B4,'location & root cause (github)'!B4,'location & root cause (confere)'!B4) -> 6 | C4: 3 | D4: =SUM('location & root cause (survey)'!D4,'location & root cause (github)'!D4,'location & root cause (confere)'!D4) -> 7 | E4: =SUM('location & root cause (survey)'!E4,'location & root cause (github)'!E4,'location & root cause (confere)'!E4) -> 1 | F4: =SUM('location & root cause (survey)'!F4,'location & root cause (github)'!F4,'location & root cause (confere)'!F4) -> 8 | G4: =SUM('location & root cause (survey)'!G4,'location & root cause (github)'!G4,'location & root cause (confere)'!G4) -> 0 | H4: =SUM('location & root cause (survey)'!H4,'location & root cause (github)'!H4,'location & root cause (confere)'!H4) -> 1 | I4: =SUM('location & root cause (survey)'!I4,'location & root cause (github)'!I4,'location & root cause (confere)'!I4) -> 0 | J4: =SUM('location & root cause (survey)'!J4,'location & root cause (github)'!J4,'location & root cause (confere)'!J4) -> 2 | K4: =SUM('location & root cause (survey)'!K4,'location & root cause (github)'!K4,'location & root cause (confere)'!K4) -> 0 | ... P4: =SUM('location & root cause (survey)'!P4,'location & root cause (github)'!P4,'location & root cause (confere)'!P4) -> 1 | Q4: 4 | R4: =SUM(B4:Q4) -> 40
A5: hallucination | B5: =SUM('location & root cause (survey)'!B5,'location & root cause (github)'!B5,'location & root cause (confere)'!B5) -> 1 | C5: =SUM('location & root cause (survey)'!C5,'location & root cause (github)'!C5,'location & root cause (confere)'!C5) -> 1 | D5: =SUM('location & root cause (survey)'!D5,'location & root cause (github)'!D5,'location & root cause (confere)'!D5) -> 0 | E5: =SUM('location & root cause (survey)'!E5,'location & root cause (github)'!E5,'location & root cause (confere)'!E5) -> 0 | F5: =SUM('location & root cause (survey)'!F5,'location & root cause (github)'!F5,'location & root cause (confere)'!F5) -> 0 | G5: =SUM('location & root cause (survey)'!G5,'location & root cause (github)'!G5,'location & root cause (confere)'!G5) -> 2 | H5: =SUM('location & root cause (survey)'!H5,'location & root cause (github)'!H5,'location & root cause (confere)'!H5) -> 9 | I5: =SUM('location & root cause (survey)'!I5,'location & root cause (github)'!I5,'location & root cause (confere)'!I5) -> 9 | ... Q5: =SUM('location & root cause (survey)'!Q5,'location & root cause (github)'!Q5,'location & root cause (confere)'!Q5) -> 0 | R5: =SUM(B5:Q5) -> 33
A6: unsuitable llm parameters | B6: =SUM('location & root cause (survey)'!B6,'location & root cause (github)'!B6,'location & root cause (confere)'!B6) -> 0 | C6: =SUM('location & root cause (survey)'!C6,'location & root cause (github)'!C6,'location & root cause (confere)'!C6) -> 0 | D6: =SUM('location & root cause (survey)'!D6,'location & root cause (github)'!D6,'location & root cause (confere)'!D6) -> 0 | E6: =SUM('location & root cause (survey)'!E6,'location & root cause (github)'!E6,'location & root cause (confere)'!E6) -> 0 | F6: =SUM('location & root cause (survey)'!F6,'location & root cause (github)'!F6,'location & root cause (confere)'!F6) -> 0 | G6: =SUM('location & root cause (survey)'!G6,'location & root cause (github)'!G6,'location & root cause (confere)'!G6) -> 0 | H6: =SUM('location & root cause (survey)'!H6,'location & root cause (github)'!H6,'location & root cause (confere)'!H6) -> 4 | I6: =SUM('location & root cause (survey)'!I6,'location & root cause (github)'!I6,'location & root cause (confere)'!I6) -> 5 | ... Q6: =SUM('location & root cause (survey)'!Q6,'location & root cause (github)'!Q6,'location & root cause (confere)'!Q6) -> 0 | R6: =SUM(B6:Q6) -> 17
A7: lack of error handling | B7: =SUM('location & root cause (survey)'!B7,'location & root cause (github)'!B7,'location & root cause (confere)'!B7) -> 0 | C7: =SUM('location & root cause (survey)'!C7,'location & root cause (github)'!C7,'location & root cause (confere)'!C7) -> 0 | D7: =SUM('location & root cause (survey)'!D7,'location & root cause (github)'!D7,'location & root cause (confere)'!D7) -> 0 | E7: =SUM('location & root cause (survey)'!E7,'location & root cause (github)'!E7,'location & root cause (confere)'!E7) -> 4 | F7: =SUM('location & root cause (survey)'!F7,'location & root cause (github)'!F7,'location & root cause (confere)'!F7) -> 0 | G7: =SUM('location & root cause (survey)'!G7,'location & root cause (github)'!G7,'location & root cause (confere)'!G7) -> 0 | H7: =SUM('location & root cause (survey)'!H7,'location & root cause (github)'!H7,'location & root cause (confere)'!H7) -> 0 | I7: =SUM('location & root cause (survey)'!I7,'location & root cause (github)'!I7,'location & root cause (confere)'!I7) -> 0 | ... Q7: =SUM('location & root cause (survey)'!Q7,'location & root cause (github)'!Q7,'location & root cause (confere)'!Q7) -> 1 | R7: =SUM(B7:Q7) -> 38
A8: lack of memory storage | B8: =SUM('location & root cause (survey)'!B8,'location & root cause (github)'!B8,'location & root cause (confere)'!B8) -> 0 | C8: =SUM('location & root cause (survey)'!C8,'location & root cause (github)'!C8,'location & root cause (confere)'!C8) -> 0 | D8: =SUM('location & root cause (survey)'!D8,'location & root cause (github)'!D8,'location & root cause (confere)'!D8) -> 0 | E8: =SUM('location & root cause (survey)'!E8,'location & root cause (github)'!E8,'location & root cause (confere)'!E8) -> 0 | F8: =SUM('location & root cause (survey)'!F8,'location & root cause (github)'!F8,'location & root cause (confere)'!F8) -> 0 | G8: =SUM('location & root cause (survey)'!G8,'location & root cause (github)'!G8,'location & root cause (confere)'!G8) -> 0 | H8: =SUM('location & root cause (survey)'!H8,'location & root cause (github)'!H8,'location & root cause (confere)'!H8) -> 0 | I8: =SUM('location & root cause (survey)'!I8,'location & root cause (github)'!I8,'location & root cause (confere)'!I8) -> 0 | ... Q8: =SUM('location & root cause (survey)'!Q8,'location & root cause (github)'!Q8,'location & root cause (confere)'!Q8) -> 0 | R8: =SUM(B8:Q8) -> 2
A9: variables not correctly updated | B9: =SUM('location & root cause (survey)'!B9,'location & root cause (github)'!B9,'location & root cause (confere)'!B9) -> 1 | C9: =SUM('location & root cause (survey)'!C9,'location & root cause (github)'!C9,'location & root cause (confere)'!C9) -> 0 | D9: =SUM('location & root cause (survey)'!D9,'location & root cause (github)'!D9,'location & root cause (confere)'!D9) -> 0 | E9: =SUM('location & root cause (survey)'!E9,'location & root cause (github)'!E9,'location & root cause (confere)'!E9) -> 0 | F9: =SUM('location & root cause (survey)'!F9,'location & root cause (github)'!F9,'location & root cause (confere)'!F9) -> 0 | G9: =SUM('location & root cause (survey)'!G9,'location & root cause (github)'!G9,'location & root cause (confere)'!G9) -> 0 | H9: =SUM('location & root cause (survey)'!H9,'location & root cause (github)'!H9,'location & root cause (confere)'!H9) -> 0 | I9: =SUM('location & root cause (survey)'!I9,'location & root cause (github)'!I9,'location & root cause (confere)'!I9) -> 0 | ... Q9: =SUM('location & root cause (survey)'!Q9,'location & root cause (github)'!Q9,'location & root cause (confere)'!Q9) -> 0 | R9: =SUM(B9:Q9) -> 2
A10: other | B10: =SUM('location & root cause (survey)'!B10,'location & root cause (github)'!B10,'location & root cause (confere)'!B10) -> 0 | C10: =SUM('location & root cause (survey)'!C10,'location & root cause (github)'!C10,'location & root cause (confere)'!C10) -> 0 | D10: =SUM('location & root cause (survey)'!D10,'location & root cause (github)'!D10,'location & root cause (confere)'!D10) -> 1 | E10: =SUM('location & root cause (survey)'!E10,'location & root cause (github)'!E10,'location & root cause (confere)'!E10) -> 1 | F10: =SUM('location & root cause (survey)'!F10,'location & root cause (github)'!F10,'location & root cause (confere)'!F10) -> 2 | G10: =SUM('location & root cause (survey)'!G10,'location & root cause (github)'!G10,'location & root cause (confere)'!G10) -> 0 | H10: =SUM('location & root cause (survey)'!H10,'location & root cause (github)'!H10,'location & root cause (confere)'!H10) -> 0 | I10: =SUM('location & root cause (survey)'!I10,'location & root cause (github)'!I10,'location & root cause (confere)'!I10) -> 0 | ... Q10: =SUM('location & root cause (survey)'!Q10,'location & root cause (github)'!Q10,'location & root cause (confere)'!Q10) -> 0 | R10: =SUM(B10:Q10) -> 25

Sheet location & sympton (survey)
A1: type | B1: Perception | G1: Planner | N1: Executor | R1: Total
B2: snapshot & environment inconsistent | C2: snapshot & environment unstable | D2: snapshot wrong format | E2: snapshot missing | F2: snapshot label wrong | G2: plan contradictory | H2: plan & snapshot unsatisfied | I2: plan & task irrelevant | J2: plan wrong format | K2: plan & snapshot unstable | L2: plan missing | M2: prompt wrong | N2: action & plan inconsistent | O2: action & environment unapplicable | P2: reflection & action inconsistent | Q2: action missing
A3: crash | B3: 3 | C3: 2 | D3: 3 | E3: 1 | F3: 2 | H3: 2 | J3: 7 | O3: 11 | Q3: 1 | R3: =SUM(B3:Q3) -> 32
A4: hang | I4: 1 | R4: =SUM(B4:Q4) -> 1
A5: misbehave | B5: 4 | F5: 6 | G5: 2 | H5: 2 | I5: 6 | J5: 1 | N5: 2 | O5: 3 | Q5: 2 | R5: =SUM(B5:Q5) -> 28
A6: stop without completing | I6: 2 | R6: =SUM(B6:Q6) -> 2
A7: behave inconsistently | C7: 2 | K7: 2 | R7: =SUM(B7:Q7) -> 4
A8: wrong user feedback | D8: 1 | P8: 1 | R8: =SUM(B8:Q8) -> 2

Sheet location & root cause (survey)
A1: type | B1: Perception | G1: Planner | N1: Executor | R1: Total
B2: snapshot & environment inconsistent | C2: snapshot & environment unstable | D2: snapshot wrong format | E2: snapshot missing | F2: snapshot label wrong | G2: plan contradictory | H2: plan & snapshot unsatisfied | I2: plan & task irrelevant | J2: plan wrong format | K2: plan & snapshot unstable | L2: plan missing | M2: prompt wrong | N2: action & plan inconsistent | O2: action & environment unapplicable | P2: reflection & action inconsistent | Q2: action missing
A3: atomicity break | B3: 1 | R3: =SUM(B3:Q3) -> 1
A4: lack of corner case handling | B4: 4 | C4: 3 | D4: 3 | E4: 1 | F4: 8 | O4: 2 | Q4: 3 | R4: =SUM(B4:Q4) -> 24
A5: hallucination | B5: 1 | C5: 1 | G5: 2 | H5: 3 | I5: 7 | J5: 8 | R5: =SUM(B5:Q5) -> 22
A6: unsuitable llm parameters | H6: 1 | I6: 2 | R6: =SUM(B6:Q6) -> 3
A7: lack of error handling | O7: 11 | R7: =SUM(B7:Q7) -> 11
A8: lack of memory storage | K8: 2 | R8: =SUM(B8:Q8) -> 2
A9: variables not correctly updated | B9: 1 | R9: =SUM(B9:Q9) -> 1
A10: other | D10: 1 | N10: 2 | O10: 1 | P10: 1 | R10: =SUM(B10:Q10) -> 5

Sheet location & sympton (github)
A1: type | B1: Perception | G1: Planner | N1: Executor | R1: Total
B2: snapshot & environment inconsistent | C2: snapshot & environment unstable | D2: snapshot wrong format | E2: snapshot missing | F2: snapshot label wrong | G2: plan contradictory | H2: plan & snapshot unsatisfied | I2: plan & task irrelevant | J2: plan wrong format | K2: plan & snapshot unstable | L2: plan missing | M2: prompt wrong | N2: action & plan inconsistent | O2: action & environment unapplicable | P2: reflection & action inconsistent | Q2: action missing
A3: crash | D3: 4 | E3: 5 | H3: 3 | I3: 1 | J3: 2 | L3: 13 | M3: 3 | N3: 1 | O3: 11 | P3: 1 | R3: =SUM(B3:Q3) -> 44
A4: hang | H4: 1 | O4: 3 | R4: =SUM(B4:Q4) -> 4
A5: misbehave | B5: 2 | H5: 3 | I5: 4 | L5: 1 | M5: 2 | N5: 1 | O5: 2 | P5: 1 | Q5: 2 | R5: =SUM(B5:Q5) -> 18
A6: stop without completing | L6: 1 | R6: =SUM(B6:Q6) -> 1
A7: behave inconsistently | R7: =SUM(B7:Q7) -> 0
A8: wrong user feedback | O8: 1 | R8: =SUM(B8:Q8) -> 1

Sheet location & root cause (github)
A1: type | B1: Perception | G1: Planner | N1: Executor | R1: Total
B2: snapshot & environment inconsistent | C2: snapshot & environment unstable | D2: snapshot wrong format | E2: snapshot missing | F2: snapshot label wrong | G2: plan contradictory | H2: plan & snapshot unsatisfied | I2: plan & task irrelevant | J2: plan wrong format | K2: plan & snapshot unstable | L2: plan missing | M2: prompt wrong | N2: action & plan inconsistent | O2: action & environment unapplicable | P2: reflection & action inconsistent | Q2: action missing
A3: atomicity break | R3: =SUM(B3:Q3) -> 0
A4: lack of corner case handling | B4: 2 | D4: 4 | L4: 3 | M4: 1 | N4: 1 | P4: 1 | Q4: 1 | R4: =SUM(B4:Q4) -> 13
A5: hallucination | H5: 6 | I5: 2 | J5: 2 | R5: =SUM(B5:Q5) -> 10
A6: unsuitable llm parameters | H6: 1 | I6: 3 | L6: 1 | R6: =SUM(B6:Q6) -> 5
A7: lack of error handling | E7: 4 | L7: 8 | M7: 2 | O7: 11 | P7: 1 | Q7: 1 | R7: =SUM(B7:Q7) -> 27
A8: lack of memory storage | R8: =SUM(B8:Q8) -> 0
A9: variables not correctly updated | M9: 1 | R9: =SUM(B9:Q9) -> 1
A10: other | E10: 1 | L10: 3 | M10: 1 | N10: 1 | O10: 6 | R10: =SUM(B10:Q10) -> 12

Sheet location & sympton (conference)
A1: type | B1: Perception | G1: Planner | N1: Executor | R1: Total
B2: snapshot & environment inconsistent | C2: snapshot & environment unstable | D2: snapshot wrong format | E2: snapshot missing | F2: snapshot label wrong | G2: plan contradictory | H2: plan & snapshot unsatisfied | I2: plan & task irrelevant | J2: plan wrong format | K2: plan & snapshot unstable | L2: plan missing | M2: prompt wrong | N2: action & plan inconsistent | O2: action & environment unapplicable | P2: reflection & action inconsistent | Q2: action missing
A3: crash | F3: 2 | H3: 1 | J3: 3 | O3: 1 | R3: =SUM(B3:Q3) -> 7
A4: hang | R4: =SUM(B4:Q4) -> 0
A5: misbehave | H5: 2 | J5: 2 | O5: 7 | P5: 1 | R5: =SUM(B5:Q5) -> 12
A6: stop without completing | R6: =SUM(B6:Q6) -> 0
A7: behave inconsistently | K7: 1 | R7: =SUM(B7:Q7) -> 1
A8: wrong user feedback | O8: 1 | R8: =SUM(B8:Q8) -> 1

Sheet location & root cause (confere)
A1: type | B1: Perception | G1: Planner | N1: Executor | R1: Total
B2: snapshot & environment inconsistent | C2: snapshot & environment unstable | D2: snapshot wrong format | E2: snapshot missing | F2: snapshot label wrong | G2: plan contradictory | H2: plan & snapshot unsatisfied | I2: plan & task irrelevant | J2: plan wrong format | K2: plan & snapshot unstable | L2: plan missing | M2: prompt wrong | N2: action & plan inconsistent | O2: action & environment unapplicable | P2: reflection & action inconsistent | Q2: action missing
A3: atomicity break | R3: =SUM(B3:Q3) -> 0
A4: lack of corner case handling | H4: 1 | J4: 2 | R4: =SUM(B4:Q4) -> 3
A5: hallucination | K5: 1 | R5: =SUM(B5:Q5) -> 1
A6: unsuitable llm parameters | H6: 2 | J6: 3 | O6: 3 | P6: 1 | R6: =SUM(B6:Q6) -> 9
A7: lack of error handling | R7: =SUM(B7:Q7) -> 0
A8: lack of memory storage | R8: =SUM(B8:Q8) -> 0
A9: variables not correctly updated | R9: =SUM(B9:Q9) -> 0
A10: other | F10: 2 | O10: 6 | R10: =SUM(B10:Q10) -> 8
